frame,time_s,detected,handedness,score,pos_Thumb,pos_ThumbRot,pos_Index,pos_Middle,pos_Ring,pos_Pinky,angle_ThumbFlex,angle_ThumbAbd,angle_Index,angle_Middle,angle_Ring,angle_Pinky
0,0.031,1,Left,0.812,329,329,496,453,409,346,160.64,112.57,135.33,139.13,143.01,148.53
1,0.041,1,Left,0.946,327,327,480,444,400,351,161.78,111.66,139.53,141.49,145.3,147.36
2,0.05,1,Left,0.967,317,317,464,415,367,330,163.99,113.18,140.73,147.03,152.1,153.37
3,0.058,1,Left,0.955,314,314,456,411,362,337,164.52,109.12,140.15,143.53,147.92,148.23
4,0.068,1,Left,0.955,309,309,457,401,347,328,165.89,108.5,138.72,145.42,150.92,151.73
5,0.076,1,Left,0.949,307,307,446,387,333,312,166.06,107.19,141.43,147.15,152.03,153.98
6,0.085,1,Left,0.962,309,309,447,388,331,312,165.84,105.68,139.64,144.86,150.16,151.58
7,0.094,1,Left,0.938,308,308,440,384,330,312,165.87,107.31,141.44,145.79,150.13,151.45
8,0.103,1,Left,0.962,309,309,448,381,323,309,165.22,106.76,138.39,145.93,151.67,152.38
9,0.112,1,Left,0.946,313,313,438,374,317,302,165.01,105.1,141.94,147.29,152.04,153.62
10,0.121,1,Left,0.963,315,315,443,378,320,306,165.15,105.68,139.28,144.97,150.45,151.4
11,0.13,1,Left,0.958,315,315,446,386,327,312,166.16,103.6,139.17,143.72,149.02,150.68
12,0.139,1,Left,0.962,321,321,453,399,338,323,164.89,102.4,137.97,141.7,147.59,148.69
13,0.148,1,Left,0.949,316,316,454,406,345,331,165.69,107.3,138.93,142.18,147.52,148.46
14,0.157,1,Left,0.958,316,316,452,406,344,328,165.86,104.26,139.36,143.16,148.69,150.6
15,0.166,1,Left,0.957,318,318,454,409,347,331,165.11,105.13,138.78,142.68,148.15,149.43
16,0.174,1,Left,0.953,322,322,452,407,346,329,165.57,101.46,139.69,143.37,148.63,150.36
17,0.183,1,Left,0.959,319,319,453,408,347,331,165.52,105.65,138.98,143.01,148.37,149.42
18,0.192,1,Left,0.949,317,317,446,398,340,324,166.41,103.78,141.01,145.67,150.23,151.79
19,0.201,1,Left,0.959,315,315,446,395,336,323,165.67,106.52,139.76,144.63,150.18,150.58
20,0.21,1,Left,0.961,324,324,443,395,337,320,165.51,99.11,140.49,144.36,149.2,151.24
21,0.218,1,Left,0.957,323,323,439,390,332,315,165.52,104.01,140.92,145.53,150.52,152.06
22,0.227,1,Left,0.964,328,328,438,393,335,316,164.9,100.61,140.68,143.86,149.01,151.18
23,0.235,1,Left,0.964,331,331,439,400,342,324,165.3,100.85,140.06,142.79,147.96,149.02
24,0.244,1,Left,0.956,326,326,443,407,350,332,165.62,104.47,139.34,141.84,146.92,148.66
25,0.252,1,Left,0.953,323,323,441,403,346,325,165.91,103.98,140.61,144.13,149.22,151.42
26,0.261,1,Left,0.96,324,324,436,395,337,314,165.65,102.83,141.34,145.59,150.82,153.25
27,0.269,1,Left,0.966,327,327,435,391,333,309,164.81,102.42,140.96,145.2,150.41,152.61
28,0.277,1,Left,0.959,328,328,433,388,330,307,165.58,101.84,141.2,145.3,150.4,152.34
29,0.286,1,Left,0.96,330,330,437,393,332,312,165.17,101.24,139.91,143.65,149.36,150.76
30,0.294,1,Left,0.951,325,325,435,391,332,311,165.79,104.58,141.04,144.85,149.75,151.73
31,0.303,1,Left,0.969,329,329,435,388,326,302,165.21,100.77,140.76,145.5,151.28,153.8
32,0.312,1,Left,0.956,328,328,441,402,340,318,165.57,102.45,139.25,141.31,146.77,148.53
33,0.321,1,Left,0.958,328,328,440,399,337,314,165.38,102.67,140.44,144.38,149.83,151.96
34,0.33,1,Left,0.962,332,332,442,404,342,319,164.7,100.62,139.67,142.67,148.23,150.1
35,0.339,1,Left,0.961,334,334,436,394,333,310,165.45,100.29,141.7,145.86,151.0,153.24
36,0.347,1,Left,0.958,334,334,442,405,343,322,165.17,101.16,139.26,141.48,147.13,148.53
37,0.356,1,Left,0.957,331,331,451,420,358,339,165.96,102.01,137.81,139.68,145.18,146.39
38,0.364,1,Left,0.954,331,331,446,414,351,331,165.29,101.51,140.58,143.55,149.23,151.23
39,0.373,1,Left,0.952,330,330,449,420,356,337,165.68,101.84,138.96,141.14,146.87,148.37
40,0.382,1,Left,0.952,324,324,440,403,340,321,165.58,105.87,141.79,146.36,151.52,153.5
41,0.391,1,Left,0.962,326,326,437,393,331,309,166.04,100.56,141.0,146.05,151.34,153.84
42,0.4,1,Left,0.975,336,336,432,384,324,302,164.48,97.39,141.74,146.6,151.68,153.57
43,0.409,1,Left,0.963,342,342,431,390,333,313,164.94,96.92,141.28,143.72,148.33,149.71
44,0.417,1,Left,0.957,344,344,430,392,335,316,164.67,99.0,141.41,144.24,149.18,150.61
45,0.426,1,Left,0.949,344,344,432,395,337,318,165.21,98.98,140.72,143.83,148.9,150.74
46,0.434,1,Left,0.949,345,345,424,395,341,324,165.95,96.09,142.93,144.17,148.48,149.5
47,0.443,1,Left,0.956,343,343,417,392,344,330,165.39,99.35,143.54,145.0,148.3,149.09
48,0.451,1,Left,0.965,347,347,422,388,335,317,166.04,94.53,141.09,145.53,150.92,153.25
49,0.46,1,Left,0.96,349,349,434,410,354,334,165.16,96.77,138.88,139.32,144.75,146.69
50,0.468,1,Left,0.952,344,344,441,420,359,338,166.25,98.56,139.01,140.43,146.57,148.56
51,0.477,1,Left,0.955,350,350,453,450,391,368,165.02,94.77,137.03,134.51,139.29,141.7
52,0.485,1,Left,0.955,350,350,459,458,396,372,166.63,93.69,137.82,137.35,143.42,145.53
53,0.494,1,Left,0.953,352,352,464,477,417,394,165.08,95.88,137.19,133.87,138.77,140.72
54,0.503,1,Left,0.936,350,350,466,473,412,391,165.86,96.99,137.82,138.07,143.63,145.02
55,0.511,1,Left,0.963,351,351,466,480,420,400,165.45,95.43,137.8,135.53,140.71,142.45
56,0.52,1,Left,0.949,352,352,463,469,407,389,165.99,94.69,138.78,139.64,145.19,146.66
57,0.528,1,Left,0.959,347,347,454,455,394,374,165.33,100.11,140.5,141.23,146.48,148.34
58,0.537,1,Left,0.948,337,337,461,462,403,388,166.26,103.1,137.43,137.3,142.18,142.74
59,0.545,1,Left,0.959,334,334,448,437,379,362,165.77,101.18,141.64,144.62,149.62,151.3
60,0.553,1,Left,0.969,338,338,445,431,372,356,165.21,98.27,140.27,142.09,147.3,148.76
61,0.562,1,Left,0.954,338,338,448,439,382,369,165.83,98.84,139.14,138.85,143.8,144.38
62,0.571,1,Left,0.962,335,335,443,423,367,353,165.92,100.95,140.85,144.42,149.17,150.6
63,0.579,1,Left,0.957,332,332,442,425,367,354,165.73,102.47,140.21,141.38,146.58,147.65
64,0.588,1,Left,0.954,331,331,446,436,378,367,165.87,100.87,139.14,138.85,144.05,144.61
65,0.596,1,Left,0.951,332,332,446,445,389,379,166.18,99.11,139.72,138.35,142.86,143.61
66,0.605,1,Left,0.957,330,330,441,437,384,377,165.08,103.08,140.99,141.88,146.13,146.08
67,0.613,1,Left,0.958,332,332,446,446,392,382,166.15,98.69,138.99,138.26,143.21,144.55
68,0.622,1,Left,0.952,328,328,452,457,401,388,165.99,103.34,138.23,137.1,142.13,143.96
69,0.63,1,Left,0.936,321,321,454,454,399,381,167.27,103.31,138.67,139.43,144.45,146.61
70,0.639,1,Left,0.959,327,327,462,472,418,401,165.3,99.97,137.07,134.59,139.02,140.48
71,0.648,1,Left,0.95,325,325,464,472,417,405,165.75,103.35,137.8,137.4,142.55,142.65
72,0.658,1,Left,0.962,324,324,461,468,410,399,165.54,103.34,139.05,138.61,143.97,144.85
73,0.667,1,Left,0.96,326,326,454,456,401,392,165.57,101.93,140.2,140.83,145.3,145.63
74,0.676,1,Left,0.969,325,325,456,455,399,391,164.88,104.79,138.44,139.1,144.23,144.78
75,0.684,1,Left,0.958,323,323,452,446,390,381,166.01,103.19,139.98,141.29,146.04,147.15
76,0.693,1,Left,0.962,324,324,436,420,367,356,165.28,103.1,143.07,146.23,150.43,151.67
77,0.702,1,Left,0.955,321,321,438,420,367,356,165.74,104.83,140.27,142.09,146.79,147.87
78,0.71,1,Left,0.971,322,322,430,402,348,331,166.07,102.21,142.4,146.54,151.54,153.91
79,0.719,1,Left,0.972,325,325,442,417,360,341,165.55,101.0,138.17,139.81,145.28,147.25
80,0.728,1,Left,0.937,322,322,446,424,366,348,165.2,105.68,139.13,140.5,145.75,147.45
81,0.736,1,Left,0.95,320,320,440,415,356,337,165.61,104.66,141.13,143.92,149.26,151.16
82,0.745,1,Left,0.959,317,317,434,405,346,327,165.62,106.49,141.74,145.08,150.32,151.87
83,0.753,1,Left,0.966,314,314,433,391,330,313,165.56,106.69,141.09,146.87,152.42,153.62
84,0.762,1,Left,0.969,322,322,437,398,337,321,165.11,100.87,139.8,142.86,148.25,149.53
85,0.771,1,Left,0.967,316,316,432,389,329,315,165.02,108.9,141.9,146.29,151.3,152.14
86,0.779,1,Left,0.964,322,322,437,402,342,327,165.34,101.51,139.65,141.46,146.86,148.38
87,0.788,1,Left,0.969,323,323,433,400,340,326,165.22,103.68,141.62,144.15,149.47,150.33
88,0.796,1,Left,0.963,326,326,428,397,338,323,165.01,102.31,142.17,144.66,149.57,151.11
89,0.805,1,Left,0.966,324,324,427,393,333,321,164.93,105.54,141.56,145.01,150.36,150.99
90,0.814,1,Left,0.949,320,320,431,399,341,329,165.54,106.21,140.4,142.83,147.8,148.75
91,0.822,1,Left,0.969,321,321,434,400,340,331,165.13,104.11,140.31,143.62,149.2,149.68
92,0.831,1,Left,0.957,321,321,436,402,342,329,165.15,104.82,140.42,143.23,148.68,150.27
93,0.839,1,Left,0.952,320,320,435,400,339,324,165.39,104.78,140.91,144.16,149.63,151.34
94,0.848,1,Left,0.96,317,317,433,389,328,315,165.14,107.65,141.26,146.54,151.94,152.82
95,0.856,1,Left,0.969,319,319,434,386,324,312,164.79,104.83,140.61,145.49,151.07,151.98
96,0.865,1,Left,0.959,322,322,443,403,341,329,165.02,103.27,138.48,140.88,146.23,147.1
97,0.873,1,Left,0.962,326,326,452,419,357,348,164.32,103.48,137.65,139.47,144.93,145.36
98,0.882,1,Left,0.942,320,320,454,425,363,351,165.57,106.9,138.77,140.72,145.99,147.61
99,0.891,1,Left,0.956,317,317,449,411,350,335,165.58,106.71,140.21,144.9,150.42,152.28
100,0.899,1,Left,0.966,317,317,448,404,341,327,164.9,105.94,139.75,144.71,150.41,151.45
101,0.907,1,Left,0.951,314,314,448,407,346,333,165.37,107.67,139.55,142.78,147.86,148.7
102,0.916,1,Left,0.954,312,312,457,417,356,344,164.94,108.58,137.34,140.51,145.88,146.9
103,0.924,1,Left,0.933,306,306,465,428,370,356,165.34,110.78,136.75,139.5,144.19,145.71
104,0.933,1,Left,0.953,307,307,463,421,361,346,164.75,109.0,138.53,143.26,148.72,150.28
105,0.941,1,Left,0.952,306,306,458,416,357,342,165.23,108.63,139.58,143.21,148.32,149.5
106,0.95,1,Left,0.955,305,305,457,406,347,329,164.72,110.14,139.0,144.74,150.11,152.15
107,0.958,1,Left,0.944,301,301,461,408,348,329,165.48,110.84,137.76,142.79,148.22,150.05
108,0.967,1,Left,0.952,305,305,462,409,348,329,164.63,108.6,138.07,142.99,148.41,150.08
109,0.976,1,Left,0.944,303,303,458,401,338,319,165.63,109.04,139.44,145.06,150.77,152.58
110,0.984,1,Left,0.959,306,306,459,404,341,323,165.17,107.11,138.53,142.92,148.55,149.8
111,0.992,1,Left,0.947,308,308,461,419,358,344,164.76,108.56,138.2,139.63,144.85,145.46
112,1.001,1,Left,0.94,307,307,466,428,366,354,165.23,108.49,137.22,139.75,145.3,146.26
113,1.01,1,Left,0.954,305,305,464,427,365,353,165.37,109.36,138.45,141.73,147.1,148.15
114,1.018,1,Left,0.955,304,304,462,417,355,342,164.96,109.67,138.67,143.95,149.4,150.71
115,1.027,1,Left,0.951,303,303,458,411,350,336,165.21,110.09,139.29,143.77,149.05,150.38
116,1.035,1,Left,0.943,305,305,458,406,345,330,164.69,109.25,138.74,144.0,149.32,150.91
117,1.044,1,Left,0.94,303,303,458,409,348,332,165.21,110.07,138.72,142.69,147.91,149.54
118,1.054,1,Left,0.946,306,306,452,402,341,323,164.52,108.75,140.19,144.81,150.08,151.91
119,1.063,1,Left,0.951,308,308,453,405,343,325,165.01,107.36,139.07,142.9,148.67,150.14
120,1.072,1,Left,0.941,308,308,458,417,353,337,164.88,108.86,137.91,140.38,146.16,147.41
121,1.081,1,Left,0.942,308,308,459,419,356,339,165.42,107.34,138.33,141.67,147.25,148.94
122,1.09,1,Left,0.949,308,308,459,422,358,342,165.12,108.24,138.64,141.41,147.25,148.27
123,1.099,1,Left,0.939,310,310,463,433,370,356,164.56,108.15,137.73,139.03,144.46,145.58
124,1.107,1,Left,0.935,312,312,467,446,385,371,164.54,107.66,137.15,137.77,142.54,143.82
125,1.116,1,Left,0.941,314,314,461,443,384,370,164.66,106.4,139.56,140.48,145.45,146.62
126,1.125,1,Left,0.951,311,311,464,453,397,385,165.13,109.12,137.53,137.59,141.85,142.64
127,1.133,1,Left,0.935,310,310,473,465,412,400,164.59,108.71,135.92,135.93,140.31,141.33
128,1.142,1,Left,0.927,313,313,472,468,415,402,165.07,105.62,137.67,137.45,142.16,143.25
129,1.151,1,Left,0.949,320,320,476,477,427,418,164.17,104.04,136.5,135.5,139.31,139.65
130,1.159,1,Left,0.925,318,318,465,466,417,403,164.7,107.26,139.83,139.79,144.08,145.97
131,1.168,1,Left,0.944,318,318,464,467,420,409,164.83,106.06,138.24,137.65,141.63,142.16
132,1.176,1,Left,0.951,318,318,464,465,416,406,164.38,107.5,138.28,138.55,143.04,143.8
133,1.185,1,Left,0.938,317,317,470,467,417,406,164.44,107.33,136.78,137.68,142.12,143.1
134,1.193,1,Left,0.946,318,318,473,469,418,406,164.28,106.88,136.84,137.38,142.16,143.32
135,1.202,1,Left,0.939,322,322,468,468,417,404,163.68,105.63,138.72,138.02,142.27,143.76
136,1.21,1,Left,0.948,318,318,470,472,424,411,164.85,107.89,137.16,136.73,140.76,141.62
137,1.219,1,Left,0.936,320,320,462,454,400,383,164.98,104.66,139.73,142.03,147.61,149.85
138,1.227,1,Left,0.952,321,321,460,454,401,388,164.48,105.54,138.74,139.09,143.7,143.94
139,1.236,1,Left,0.954,327,327,464,455,401,391,164.19,102.79,137.43,138.78,143.63,144.22
140,1.244,1,Left,0.942,324,324,467,455,400,391,164.9,105.59,137.46,138.83,143.93,144.62
141,1.252,1,Left,0.952,326,326,464,452,396,389,164.72,103.89,138.6,139.8,144.85,145.15
142,1.261,1,Left,0.951,326,326,469,462,410,404,164.82,104.26,137.05,136.57,140.5,140.95
143,1.269,1,Left,0.941,326,326,471,467,418,411,164.63,104.44,137.2,137.0,140.98,141.75
144,1.278,1,Left,0.948,323,323,467,460,406,400,165.07,105.95,138.51,139.64,145.19,145.6
145,1.286,1,Left,0.943,326,326,456,455,405,405,164.16,103.91,140.65,139.86,143.46,142.54
146,1.295,1,Left,0.961,321,321,459,454,405,402,165.01,107.49,138.2,139.13,143.36,144.02
147,1.303,1,Left,0.926,311,311,465,458,406,405,165.61,110.77,137.23,138.15,143.22,142.83
148,1.312,1,Left,0.934,309,309,475,470,421,416,165.21,108.91,135.51,135.59,139.4,140.66
149,1.321,1,Left,0.949,317,317,471,469,423,417,164.44,103.75,138.25,137.96,141.64,142.21
150,1.329,1,Left,0.935,320,320,461,460,413,408,164.61,104.67,139.98,139.98,144.25,144.45
151,1.337,1,Left,0.954,320,320,467,460,411,403,165.04,104.96,136.95,138.3,143.18,144.32
152,1.346,1,Left,0.937,314,314,476,474,425,421,165.56,108.46,135.61,135.07,139.27,139.04
153,1.354,1,Left,0.938,316,316,472,467,416,408,165.37,104.73,138.13,138.97,143.78,145.13
154,1.363,1,Left,0.948,318,318,476,476,428,418,164.72,105.19,136.3,135.68,139.5,140.57
155,1.371,1,Left,0.937,323,323,478,486,443,433,164.2,103.83,136.76,134.44,137.5,138.47
156,1.38,1,Left,0.934,329,329,482,500,457,448,165.47,99.47,135.87,132.83,136.37,137.16
157,1.388,1,Left,0.922,334,334,459,472,431,423,164.13,101.16,142.52,142.0,145.28,145.77
158,1.397,1,Left,0.947,328,328,453,458,412,405,165.68,104.12,140.12,140.96,145.82,146.43
159,1.405,1,Left,0.956,331,331,469,476,430,423,164.29,102.72,135.06,134.14,138.19,138.66
160,1.413,1,Left,0.932,327,327,471,484,442,439,164.19,107.0,137.21,135.05,138.13,137.87
161,1.422,1,Left,0.942,328,328,476,478,431,423,164.55,103.81,136.19,137.87,142.97,144.41
162,1.43,1,Left,0.911,321,321,491,504,460,453,165.22,107.67,133.35,130.39,133.61,134.23
163,1.438,1,Left,0.934,326,326,494,505,462,449,164.68,102.58,135.02,134.3,138.19,140.13
164,1.447,1,Left,0.923,327,327,486,505,463,450,165.44,102.17,137.57,134.57,138.21,139.25
165,1.455,1,Left,0.926,327,327,491,517,478,464,165.37,102.82,135.0,131.49,134.43,135.94
166,1.463,1,Left,0.925,331,331,491,524,487,469,165.33,99.73,135.69,131.84,134.75,136.73
167,1.472,1,Left,0.928,329,329,478,509,472,460,164.83,104.31,139.23,136.55,139.81,140.08
168,1.481,1,Left,0.931,330,330,486,512,471,454,165.15,102.18,134.82,133.45,137.84,139.94
169,1.489,1,Left,0.934,332,332,479,510,471,461,163.86,103.62,138.06,134.58,137.42,137.25
170,1.498,1,Left,0.941,332,332,485,519,481,468,164.88,102.16,135.19,131.93,135.04,136.56
171,1.506,1,Left,0.929,334,334,470,501,464,456,163.51,104.02,140.2,137.88,141.03,140.81
172,1.515,1,Left,0.945,331,331,476,508,471,462,164.53,105.24,136.03,133.07,136.2,137.41
173,1.524,1,Left,0.928,333,333,463,487,450,445,163.84,103.28,140.41,139.68,142.91,142.59
174,1.532,1,Left,0.935,329,329,468,496,458,448,164.99,104.85,136.97,133.95,137.49,139.14
175,1.541,1,Left,0.911,328,328,469,495,456,449,164.89,103.58,137.73,135.6,139.07,139.19
176,1.55,1,Left,0.942,324,324,467,487,447,438,164.63,107.11,138.09,137.32,141.25,142.41
177,1.559,1,Left,0.922,322,322,478,501,459,453,165.53,105.15,135.22,132.78,136.52,136.72
178,1.568,1,Left,0.936,331,331,469,491,453,447,163.75,100.86,139.16,137.3,140.26,140.63
179,1.576,1,Left,0.957,328,328,477,498,460,451,164.53,105.84,135.73,134.06,137.42,138.69
180,1.585,1,Left,0.909,323,323,492,521,484,474,165.07,106.43,133.22,129.37,132.33,133.55
181,1.593,1,Left,0.942,328,328,482,519,488,479,163.88,103.16,138.24,133.57,135.43,136.02
182,1.601,1,Left,0.951,333,333,476,508,476,470,164.34,101.08,138.08,136.27,139.06,138.93
183,1.61,1,Left,0.938,325,325,477,511,479,470,165.3,106.88,136.8,133.38,136.41,137.72
184,1.619,1,Left,0.902,323,323,476,506,474,464,165.12,105.56,137.51,135.34,137.97,139.13
185,1.627,1,Left,0.949,321,321,474,495,459,449,165.0,105.53,137.63,137.14,141.15,141.85
186,1.635,1,Left,0.932,323,323,480,514,480,468,165.39,102.64,135.61,130.9,133.24,134.84
187,1.644,1,Left,0.94,334,334,477,515,485,474,163.95,99.01,137.64,133.51,135.62,136.17
188,1.652,1,Left,0.95,334,334,465,496,458,450,164.66,102.37,139.89,138.46,143.0,143.44
189,1.662,1,Left,0.933,329,329,457,487,444,440,165.33,104.9,140.03,137.67,142.22,141.83
190,1.671,1,Left,0.933,328,328,465,503,463,456,165.41,102.22,136.72,132.16,135.16,136.31
191,1.679,1,Left,0.921,325,325,461,497,458,453,165.38,104.64,139.21,136.2,139.54,139.61
192,1.688,1,Left,0.921,324,324,463,504,462,450,165.04,104.96,137.86,133.43,137.6,140.0
193,1.696,1,Left,0.917,326,326,457,506,466,456,165.06,102.48,139.62,134.3,137.5,137.88
194,1.704,1,Left,0.919,330,330,436,473,433,426,165.37,100.5,144.19,142.71,146.05,146.45
195,1.713,1,Left,0.926,327,327,428,463,420,410,165.42,103.79,142.66,139.96,144.11,145.56
196,1.721,1,Left,0.927,332,332,430,460,414,405,164.29,101.1,140.75,139.06,143.54,144.2
197,1.729,1,Left,0.933,331,331,435,461,412,404,165.15,102.46,140.01,138.23,143.22,143.63
198,1.738,1,Left,0.943,333,333,441,469,420,413,165.25,100.29,139.22,136.41,140.71,141.24
199,1.746,1,Left,0.928,334,334,430,461,416,410,165.2,100.8,142.87,139.88,142.94,143.4
200,1.755,1,Left,0.927,330,330,439,479,438,429,165.48,104.03,139.04,133.86,136.83,138.15
201,1.763,1,Left,0.932,323,323,442,477,440,434,165.54,106.8,139.69,137.37,140.14,139.8
202,1.772,1,Left,0.941,326,326,449,467,419,415,164.92,102.5,138.31,139.56,145.42,145.72
203,1.78,1,Left,0.933,325,325,447,469,423,420,165.05,103.87,140.04,137.28,141.05,141.23
204,1.789,1,Left,0.922,322,322,449,474,430,428,165.41,105.25,139.14,136.56,140.19,139.96
205,1.798,1,Left,0.939,321,321,451,470,423,420,165.31,105.2,138.87,138.24,142.94,143.29
206,1.806,1,Left,0.943,323,323,453,469,421,423,165.46,102.75,138.88,137.8,142.26,141.37
207,1.815,1,Left,0.926,321,321,453,471,424,424,164.72,106.25,139.26,137.18,141.3,141.6
208,1.823,1,Left,0.949,327,327,460,478,427,429,165.15,100.33,137.24,135.82,140.77,140.27
209,1.831,1,Left,0.926,322,322,450,474,431,432,165.4,106.84,141.09,137.9,140.35,140.58
210,1.84,1,Left,0.942,324,324,466,487,440,439,164.85,103.36,135.51,133.93,138.9,139.34
211,1.848,1,Left,0.942,324,324,464,484,441,444,164.75,104.78,138.54,137.0,139.89,139.07
212,1.857,1,Left,0.94,323,323,478,497,452,451,165.05,104.58,134.61,133.18,137.41,138.15
213,1.865,1,Left,0.933,324,324,472,492,450,452,165.07,103.97,138.55,136.48,139.83,139.14
214,1.873,1,Left,0.942,326,326,465,485,440,440,164.1,104.43,139.12,137.48,141.84,142.34
215,1.882,1,Left,0.935,327,327,461,479,434,436,165.13,103.27,139.13,137.8,141.7,141.16
216,1.891,1,Left,0.949,331,331,455,469,423,425,164.68,101.32,139.94,139.31,143.62,143.47
217,1.899,1,Left,0.945,330,330,463,479,429,427,164.7,104.06,137.07,135.27,140.18,141.11
218,1.908,1,Left,0.93,326,326,454,462,415,415,165.4,104.6,140.42,141.08,144.95,144.33
219,1.916,1,Left,0.944,324,324,461,466,415,410,164.77,105.85,137.38,137.4,142.41,143.86
220,1.924,1,Left,0.921,318,318,464,472,424,418,165.42,107.94,137.73,136.45,140.18,141.01
221,1.933,1,Left,0.944,324,324,462,474,424,417,164.32,102.89,138.68,136.91,141.79,142.32
222,1.941,1,Left,0.948,332,332,451,466,419,415,164.19,100.15,141.15,139.23,142.81,142.91
223,1.95,1,Left,0.948,330,330,446,460,413,409,164.13,105.16,140.46,139.56,143.71,144.09
224,1.958,1,Left,0.949,334,334,446,460,411,406,163.85,102.46,139.65,138.61,143.07,143.65
225,1.967,1,Left,0.952,331,331,450,457,405,400,164.62,104.51,138.68,139.28,144.43,144.72
226,1.975,1,Left,0.942,331,331,459,474,424,413,165.15,102.26,137.26,134.38,138.6,140.5
227,1.984,1,Left,0.959,338,338,456,478,433,426,164.0,99.37,139.37,136.22,139.48,139.5
228,1.992,1,Left,0.95,339,339,456,487,443,436,163.63,102.92,138.8,134.82,138.32,139.06
229,2.001,1,Left,0.953,334,334,452,473,425,419,164.67,104.8,139.96,139.67,144.56,144.82
230,2.009,1,Left,0.955,337,337,465,492,444,435,163.67,102.3,136.02,132.49,136.64,138.15
231,2.018,1,Left,0.925,326,326,460,485,439,429,164.77,109.51,139.35,137.44,141.17,142.3
232,2.026,1,Left,0.949,329,329,467,493,446,435,164.55,102.92,136.85,134.28,138.67,139.64
233,2.035,1,Left,0.934,329,329,449,473,427,419,163.9,105.25,142.32,140.73,144.45,144.67
234,2.043,1,Left,0.945,329,329,461,485,437,425,163.91,105.51,136.53,134.33,139.02,140.63
235,2.052,1,Left,0.931,321,321,456,474,427,419,164.73,109.25,139.74,139.05,143.07,142.98
236,2.061,1,Left,0.947,330,330,468,493,444,433,164.04,100.6,135.77,132.53,137.11,138.8
237,2.07,1,Left,0.923,320,320,454,471,426,418,165.15,109.65,141.41,141.15,144.53,144.62
238,2.078,1,Left,0.949,321,321,445,455,404,398,164.71,105.15,141.17,141.54,146.92,147.24
239,2.087,1,Left,0.951,319,319,452,455,403,394,164.93,106.63,138.22,139.06,143.71,144.93
240,2.095,1,Left,0.943,319,319,453,458,406,397,164.8,106.47,138.98,138.29,142.87,143.74
241,2.104,1,Left,0.953,323,323,454,460,407,396,164.27,103.8,138.79,138.12,142.95,144.36
242,2.112,1,Left,0.939,324,324,460,466,411,395,165.35,103.74,137.43,137.12,142.11,144.28
243,2.12,1,Left,0.944,326,326,456,460,406,387,163.68,105.26,139.61,139.46,144.26,146.32
244,2.129,1,Left,0.942,325,325,463,470,417,397,164.83,105.27,137.0,135.95,140.42,142.42
245,2.137,1,Left,0.925,320,320,452,456,403,385,165.72,105.83,140.98,141.26,145.94,146.95
246,2.146,1,Left,0.945,323,323,467,471,419,401,163.78,106.26,135.48,135.12,139.44,141.27
247,2.154,1,Left,0.933,318,318,467,469,419,403,165.43,107.12,137.8,138.01,142.14,143.23
248,2.163,1,Left,0.933,321,321,462,462,409,391,164.69,104.59,139.35,139.62,144.69,146.4
249,2.171,1,Left,0.939,320,320,455,457,405,390,165.39,104.9,140.0,139.5,143.9,144.99
250,2.179,1,Left,0.94,320,320,452,451,396,382,165.48,104.13,139.79,140.43,145.7,146.61
251,2.188,1,Left,0.942,321,321,450,447,391,380,165.73,102.92,139.75,140.17,145.45,145.83
252,2.196,1,Left,0.937,321,321,448,447,391,382,165.17,104.48,139.74,139.7,144.53,145.06
253,2.205,1,Left,0.941,321,321,443,435,378,370,165.15,105.0,140.99,142.77,147.87,148.49
254,2.214,1,Left,0.945,318,318,437,428,373,366,164.58,107.82,141.44,142.57,147.05,147.46
255,2.222,1,Left,0.946,319,319,442,429,373,367,165.5,104.1,139.31,140.89,146.19,146.44
256,2.231,1,Left,0.952,316,316,446,435,380,375,165.15,107.78,139.01,139.79,144.41,144.75
257,2.239,1,Left,0.944,317,317,455,444,389,380,164.97,105.35,137.43,138.45,143.31,144.73
258,2.248,1,Left,0.943,323,323,457,443,386,373,164.68,103.0,138.54,140.26,145.66,147.21
259,2.256,1,Left,0.947,321,321,460,446,389,377,165.07,105.68,138.09,139.13,144.27,145.11
260,2.265,1,Left,0.948,321,321,459,437,378,365,164.96,104.77,138.6,142.1,147.62,148.8
261,2.273,1,Left,0.948,320,320,453,428,368,352,165.27,105.55,140.28,142.72,148.14,150.16
262,2.282,1,Left,0.952,319,319,451,421,361,342,164.91,105.9,139.64,143.1,148.38,150.69
263,2.291,1,Left,0.953,319,319,442,406,346,324,165.44,104.78,141.5,145.8,151.0,153.52
264,2.299,1,Left,0.941,316,316,433,391,333,310,164.86,108.16,142.44,147.02,151.73,153.83
265,2.308,1,Left,0.957,316,316,431,380,322,302,164.32,107.89,141.35,147.29,152.53,153.85
266,2.316,1,Left,0.95,316,316,427,371,312,292,164.6,107.41,141.91,147.89,153.14,154.85
267,2.325,1,Left,0.955,312,312,426,365,308,290,164.25,110.82,141.77,147.92,152.72,153.81
268,2.333,1,Left,0.947,314,314,427,362,306,292,163.65,109.04,141.16,147.47,152.44,152.98
269,2.342,1,Left,0.955,313,313,428,363,306,295,164.05,109.39,141.25,147.02,151.93,152.68
270,2.35,1,Left,0.954,317,317,433,371,315,306,164.08,106.13,140.08,144.88,149.93,150.35
271,2.36,1,Left,0.961,314,314,436,380,324,315,163.95,110.98,140.08,144.04,149.05,149.62
272,2.368,1,Left,0.946,314,314,442,395,340,333,164.84,107.12,139.02,141.74,146.42,146.89
273,2.376,1,Left,0.957,316,316,448,395,337,328,163.83,108.09,138.72,144.33,149.76,150.85
274,2.385,1,Left,0.953,317,317,446,397,339,328,164.82,105.51,140.11,143.76,148.88,150.28
275,2.393,1,Left,0.959,315,315,442,391,333,325,164.86,108.63,140.8,145.58,150.68,150.72
276,2.402,1,Left,0.963,321,321,443,394,335,326,164.58,102.71,139.86,143.88,149.26,150.29
277,2.41,1,Left,0.96,323,323,437,390,331,320,164.86,104.37,141.53,145.17,150.43,151.71
278,2.419,1,Left,0.958,321,321,436,393,334,324,165.48,105.0,140.87,143.94,149.11,149.93
279,2.427,1,Left,0.958,316,316,428,385,328,317,164.69,109.17,142.48,146.37,151.18,152.25
280,2.436,1,Left,0.96,320,320,427,386,329,319,164.68,104.2,141.57,144.92,149.95,150.59
281,2.444,1,Left,0.961,318,318,428,386,328,318,164.23,108.45,141.19,144.93,150.16,151.12
282,2.453,1,Left,0.958,319,319,436,394,336,329,164.62,105.66,139.39,143.13,148.15,148.23
283,2.461,1,Left,0.961,323,323,434,396,338,331,164.86,103.04,141.08,143.79,149.04,149.53
284,2.47,1,Left,0.96,320,320,440,403,344,339,163.61,109.72,139.35,142.48,147.79,148.02
285,2.479,1,Left,0.951,320,320,444,405,348,344,164.63,106.35,139.32,143.09,147.72,147.8
286,2.487,1,Left,0.957,325,325,433,393,337,332,163.65,104.75,142.56,146.2,151.14,151.84
287,2.495,1,Left,0.965,324,324,442,407,350,348,163.55,107.41,138.62,141.06,146.0,145.84
288,2.504,1,Left,0.963,328,328,442,406,351,348,164.48,102.33,140.16,143.26,147.98,148.27
289,2.512,1,Left,0.962,325,325,438,397,341,335,164.27,107.03,141.06,145.53,150.71,151.71
290,2.521,1,Left,0.964,328,328,434,393,336,329,164.45,102.73,141.51,145.22,150.34,151.05
291,2.529,1,Left,0.97,331,331,439,400,342,335,164.12,103.39,139.55,142.52,147.92,148.47
292,2.538,1,Left,0.962,337,337,441,411,353,346,164.77,98.34,139.97,141.12,146.06,146.86
293,2.546,1,Left,0.966,335,335,444,415,357,352,164.69,103.59,139.36,141.86,147.01,146.92
294,2.555,1,Left,0.955,340,340,446,418,358,351,164.82,98.07,139.44,141.73,147.28,148.33
295,2.563,1,Left,0.96,334,334,445,410,350,344,165.13,104.54,140.01,144.12,149.56,149.89
296,2.571,1,Left,0.963,334,334,439,401,338,329,164.97,101.62,141.26,145.31,151.09,152.46
297,2.58,1,Left,0.962,331,331,447,418,359,352,164.85,104.13,138.36,139.52,144.11,144.4
298,2.588,1,Left,0.958,335,335,453,427,370,364,164.54,100.66,138.15,139.77,144.52,145.03
299,2.597,1,Left,0.966,335,335,447,416,357,351,164.84,101.36,140.63,144.2,149.65,150.13
300,2.605,1,Left,0.96,334,334,445,411,351,342,164.91,102.31,140.11,143.71,149.21,150.29
301,2.614,1,Left,0.952,335,335,438,399,340,328,165.09,100.85,141.81,145.79,150.82,152.57
302,2.622,1,Left,0.959,333,333,435,391,333,323,164.79,103.27,141.16,145.85,150.91,151.34
303,2.63,1,Left,0.961,329,329,434,382,321,311,165.74,103.32,141.07,146.84,152.58,153.68
304,2.639,1,Left,0.961,329,329,432,387,327,316,165.48,101.93,141.28,144.26,149.39,150.3
305,2.647,1,Left,0.956,328,328,434,386,326,316,165.12,103.65,140.48,145.02,150.4,151.06
306,2.656,1,Left,0.967,329,329,438,391,329,320,164.74,102.93,139.77,143.86,149.55,150.29
307,2.664,1,Left,0.958,334,334,441,406,346,337,164.82,99.71,139.69,140.8,145.7,146.54
308,2.673,1,Left,0.961,333,333,436,392,334,324,164.92,102.49,141.54,146.7,151.7,152.7
309,2.681,1,Left,0.959,327,327,433,381,322,314,164.88,106.5,141.35,147.22,152.53,153.06
310,2.69,1,Left,0.955,327,327,440,403,347,340,164.88,103.67,139.2,140.02,144.44,144.81
311,2.698,1,Left,0.961,325,325,439,396,340,338,165.01,104.87,140.58,145.38,150.13,149.68
312,2.707,1,Left,0.958,326,326,436,390,332,327,165.35,102.66,141.18,145.63,151.15,151.88
313,2.715,1,Left,0.958,332,332,440,404,348,346,164.3,101.32,139.68,141.11,145.72,145.56
314,2.724,1,Left,0.958,330,330,432,391,334,328,165.27,102.83,142.24,146.68,152.01,152.92
315,2.732,1,Left,0.961,326,326,439,404,347,346,165.28,105.42,139.11,141.45,146.36,145.65
316,2.741,1,Left,0.955,325,325,439,406,349,346,164.95,104.67,140.43,142.88,147.94,148.61
317,2.749,1,Left,0.963,321,321,443,411,354,353,165.43,105.81,139.38,141.98,146.96,146.66
318,2.757,1,Left,0.958,319,319,440,407,349,346,165.56,105.35,140.69,144.0,149.04,149.74
319,2.766,1,Left,0.968,320,320,440,401,342,340,164.64,105.34,140.18,144.55,150.01,150.24
320,2.775,1,Left,0.959,318,318,441,394,335,328,164.59,108.1,140.12,145.36,150.73,151.94
321,2.783,1,Left,0.963,323,323,439,396,336,326,164.81,102.74,140.67,143.97,149.14,150.55
322,2.792,1,Left,0.955,320,320,437,393,334,323,164.23,108.15,140.99,144.89,150.09,150.99
323,2.8,1,Left,0.964,321,321,439,392,330,319,165.04,104.92,140.03,144.77,150.48,151.73
324,2.809,1,Left,0.953,324,324,443,408,351,343,164.38,103.89,139.34,140.4,144.8,144.74
325,2.817,1,Left,0.953,321,321,442,397,339,332,165.11,106.38,140.24,145.81,151.22,151.72
326,2.826,1,Left,0.956,322,322,444,398,336,328,164.94,104.15,139.63,143.9,149.79,150.78
327,2.834,1,Left,0.946,321,321,446,406,346,337,165.4,105.04,139.48,142.06,146.92,147.88
328,2.843,1,Left,0.957,318,318,438,394,335,325,164.94,106.98,141.72,146.26,151.38,152.43
329,2.852,1,Left,0.955,314,314,437,384,324,317,165.17,108.83,140.72,146.77,152.2,152.42
330,2.861,1,Left,0.941,312,312,446,401,344,336,164.81,108.47,138.14,141.0,145.4,146.19
331,2.87,1,Left,0.954,316,316,446,395,337,328,164.53,105.22,139.89,145.16,150.61,151.53
332,2.878,1,Left,0.956,320,320,447,404,346,334,165.2,103.46,139.44,141.96,147.04,148.53
333,2.887,1,Left,0.949,319,319,451,416,359,347,165.47,104.96,138.81,140.59,145.32,146.31
334,2.895,1,Left,0.961,317,317,451,413,355,346,164.87,107.6,139.24,143.15,148.37,148.62
335,2.903,1,Left,0.947,317,317,452,412,352,341,165.35,105.03,139.12,142.92,148.42,149.75
336,2.912,1,Left,0.941,315,315,444,406,348,337,165.94,105.85,141.11,144.24,149.07,149.96
337,2.92,1,Left,0.951,312,312,440,395,336,326,164.75,108.94,140.88,146.1,151.38,152.17
338,2.929,1,Left,0.949,313,313,442,395,335,324,165.61,105.57,139.91,144.21,149.75,150.77
339,2.937,1,Left,0.936,313,313,448,410,353,341,165.34,106.18,138.57,140.35,145.01,146.35
340,2.946,1,Left,0.959,316,316,441,395,337,325,164.92,105.12,141.22,146.71,151.98,152.89
341,2.954,1,Left,0.955,313,313,446,397,336,328,165.46,107.51,138.98,143.77,149.45,149.82
342,2.963,1,Left,0.935,312,312,453,411,354,347,164.87,108.75,138.06,140.53,144.94,145.42
343,2.971,1,Left,0.957,318,318,451,401,342,333,163.99,104.99,139.48,145.34,150.94,151.89
344,2.979,1,Left,0.952,320,320,451,400,338,326,165.31,103.9,139.52,143.96,149.81,151.5
345,2.988,1,Left,0.942,316,316,455,423,369,359,165.38,107.29,138.34,137.94,141.57,141.98
346,2.996,1,Left,0.949,321,321,446,407,351,341,164.13,104.31,141.04,146.04,151.11,152.02
347,3.004,1,Left,0.965,323,323,448,400,341,333,164.68,104.55,139.34,144.95,150.57,151.04
348,3.013,1,Left,0.954,328,328,457,428,374,364,164.5,102.02,137.34,136.64,140.65,141.89
349,3.021,1,Left,0.954,328,328,469,448,397,384,165.15,102.63,135.79,136.45,140.31,142.0
350,3.029,1,Left,0.945,326,326,471,454,405,390,165.53,103.91,137.19,137.92,142.08,143.65
351,3.038,1,Left,0.959,327,327,471,455,405,394,164.5,104.09,137.44,138.89,143.34,143.72
352,3.046,1,Left,0.936,328,328,457,436,385,372,165.39,102.04,141.15,143.59,148.43,149.77
353,3.055,1,Left,0.956,325,325,448,418,365,356,164.5,106.02,141.04,145.12,150.2,150.4
354,3.063,1,Left,0.958,322,322,443,407,351,344,165.19,105.69,140.75,144.97,150.4,150.71
355,3.072,1,Left,0.951,324,324,441,408,352,345,165.16,102.87,140.46,143.04,147.91,148.37
356,3.08,1,Left,0.967,326,326,444,412,354,350,164.64,104.03,139.36,142.11,147.5,147.52
357,3.088,1,Left,0.958,328,328,451,423,364,359,164.97,102.54,138.31,140.06,145.27,145.8
358,3.096,1,Left,0.954,324,324,448,420,362,356,165.37,105.37,139.91,142.44,147.52,148.19
359,3.105,1,Left,0.954,321,321,444,417,360,354,165.33,105.29,140.53,142.92,147.71,148.08
